event_episode_id,event_type,ddr_wellbore_id,usrop_well_id,onset_md,horizon_m,cutoff_md,join_status,reason
EP_V2_15,Equipment Failure,NO 15/9-19 A,,3653.0,25,3628.0,UNRESOLVED_NO_WELL,Not in USROP
EP_V2_15,Equipment Failure,NO 15/9-19 A,,3653.0,50,3603.0,UNRESOLVED_NO_WELL,Not in USROP
EP_V2_15,Equipment Failure,NO 15/9-19 A,,3653.0,100,3553.0,UNRESOLVED_NO_WELL,Not in USROP
EP_V2_17,Equipment Failure,NO 15/9-19 A,,0.0,25,,REJECTED_NO_ONSET,onset_md is null or zero
EP_V2_17,Equipment Failure,NO 15/9-19 A,,0.0,50,,REJECTED_NO_ONSET,onset_md is null or zero
EP_V2_17,Equipment Failure,NO 15/9-19 A,,0.0,100,,REJECTED_NO_ONSET,onset_md is null or zero
EP_V2_24,Equipment Failure,NO 15/9-19 A,,3937.0,25,3912.0,UNRESOLVED_NO_WELL,Not in USROP
EP_V2_24,Equipment Failure,NO 15/9-19 A,,3937.0,50,3887.0,UNRESOLVED_NO_WELL,Not in USROP
EP_V2_24,Equipment Failure,NO 15/9-19 A,,3937.0,100,3837.0,UNRESOLVED_NO_WELL,Not in USROP
EP_V2_27,Equipment Failure,NO 15/9-19 A,,0.0,25,,REJECTED_NO_ONSET,onset_md is null or zero
EP_V2_27,Equipment Failure,NO 15/9-19 A,,0.0,50,,REJECTED_NO_ONSET,onset_md is null or zero
EP_V2_27,Equipment Failure,NO 15/9-19 A,,0.0,100,,REJECTED_NO_ONSET,onset_md is null or zero
EP_V2_28,FORMATION_MUD_LOSS,NO 15/9-19 A,,2199.0,25,2174.0,UNRESOLVED_NO_WELL,Not in USROP
EP_V2_28,FORMATION_MUD_LOSS,NO 15/9-19 A,,2199.0,50,2149.0,UNRESOLVED_NO_WELL,Not in USROP
EP_V2_28,FORMATION_MUD_LOSS,NO 15/9-19 A,,2199.0,100,2099.0,UNRESOLVED_NO_WELL,Not in USROP
EP_V2_48,Stuck Pipe,NO 15/9-19 A,,2190.0,25,2165.0,UNRESOLVED_NO_WELL,Not in USROP
EP_V2_48,Stuck Pipe,NO 15/9-19 A,,2190.0,50,2140.0,UNRESOLVED_NO_WELL,Not in USROP
EP_V2_48,Stuck Pipe,NO 15/9-19 A,,2190.0,100,2090.0,UNRESOLVED_NO_WELL,Not in USROP
EP_V2_55,Stuck Pipe,NO 15/9-19 A,,4123.0,25,4098.0,UNRESOLVED_NO_WELL,Not in USROP
EP_V2_55,Stuck Pipe,NO 15/9-19 A,,4123.0,50,4073.0,UNRESOLVED_NO_WELL,Not in USROP
EP_V2_55,Stuck Pipe,NO 15/9-19 A,,4123.0,100,4023.0,UNRESOLVED_NO_WELL,Not in USROP
EP_V2_58,Tight Hole,NO 15/9-19 A,,2207.0,25,2182.0,UNRESOLVED_NO_WELL,Not in USROP
EP_V2_58,Tight Hole,NO 15/9-19 A,,2207.0,50,2157.0,UNRESOLVED_NO_WELL,Not in USROP
EP_V2_58,Tight Hole,NO 15/9-19 A,,2207.0,100,2107.0,UNRESOLVED_NO_WELL,Not in USROP
EP_V2_59,Tight Hole,NO 15/9-19 A,,2783.0,25,2758.0,UNRESOLVED_NO_WELL,Not in USROP
EP_V2_59,Tight Hole,NO 15/9-19 A,,2783.0,50,2733.0,UNRESOLVED_NO_WELL,Not in USROP
EP_V2_59,Tight Hole,NO 15/9-19 A,,2783.0,100,2683.0,UNRESOLVED_NO_WELL,Not in USROP
EP_V2_61,Tight Hole,NO 15/9-19 A,,3820.0,25,3795.0,UNRESOLVED_NO_WELL,Not in USROP
EP_V2_61,Tight Hole,NO 15/9-19 A,,3820.0,50,3770.0,UNRESOLVED_NO_WELL,Not in USROP
EP_V2_61,Tight Hole,NO 15/9-19 A,,3820.0,100,3720.0,UNRESOLVED_NO_WELL,Not in USROP
EP_V2_62,Tight Hole,NO 15/9-19 A,,3990.0,25,3965.0,UNRESOLVED_NO_WELL,Not in USROP
EP_V2_62,Tight Hole,NO 15/9-19 A,,3990.0,50,3940.0,UNRESOLVED_NO_WELL,Not in USROP
EP_V2_62,Tight Hole,NO 15/9-19 A,,3990.0,100,3890.0,UNRESOLVED_NO_WELL,Not in USROP
EP_V2_75,CEMENTING/OPERATIONAL_LOSS,NO 15/9-19 B,,2983.0,25,2958.0,UNRESOLVED_NO_WELL,Not in USROP
EP_V2_75,CEMENTING/OPERATIONAL_LOSS,NO 15/9-19 B,,2983.0,50,2933.0,UNRESOLVED_NO_WELL,Not in USROP
EP_V2_75,CEMENTING/OPERATIONAL_LOSS,NO 15/9-19 B,,2983.0,100,2883.0,UNRESOLVED_NO_WELL,Not in USROP
EP_V2_91,FORMATION_MUD_LOSS,NO 15/9-19 B,,2927.0,25,2902.0,UNRESOLVED_NO_WELL,Not in USROP
EP_V2_91,FORMATION_MUD_LOSS,NO 15/9-19 B,,2927.0,50,2877.0,UNRESOLVED_NO_WELL,Not in USROP
EP_V2_91,FORMATION_MUD_LOSS,NO 15/9-19 B,,2927.0,100,2827.0,UNRESOLVED_NO_WELL,Not in USROP
EP_V2_105,FORMATION_MUD_LOSS,NO 15/9-19 B,,3025.0,25,3000.0,UNRESOLVED_NO_WELL,Not in USROP
EP_V2_105,FORMATION_MUD_LOSS,NO 15/9-19 B,,3025.0,50,2975.0,UNRESOLVED_NO_WELL,Not in USROP
EP_V2_105,FORMATION_MUD_LOSS,NO 15/9-19 B,,3025.0,100,2925.0,UNRESOLVED_NO_WELL,Not in USROP
EP_V2_117,FORMATION_MUD_LOSS,NO 15/9-19 B,,3272.0,25,3247.0,UNRESOLVED_NO_WELL,Not in USROP
EP_V2_117,FORMATION_MUD_LOSS,NO 15/9-19 B,,3272.0,50,3222.0,UNRESOLVED_NO_WELL,Not in USROP
EP_V2_117,FORMATION_MUD_LOSS,NO 15/9-19 B,,3272.0,100,3172.0,UNRESOLVED_NO_WELL,Not in USROP
EP_V2_125,FORMATION_MUD_LOSS,NO 15/9-19 B,,2983.0,25,2958.0,UNRESOLVED_NO_WELL,Not in USROP
EP_V2_125,FORMATION_MUD_LOSS,NO 15/9-19 B,,2983.0,50,2933.0,UNRESOLVED_NO_WELL,Not in USROP
EP_V2_125,FORMATION_MUD_LOSS,NO 15/9-19 B,,2983.0,100,2883.0,UNRESOLVED_NO_WELL,Not in USROP
EP_V2_149,Tight Hole,NO 15/9-19 B,,2967.0,25,2942.0,UNRESOLVED_NO_WELL,Not in USROP
EP_V2_149,Tight Hole,NO 15/9-19 B,,2967.0,50,2917.0,UNRESOLVED_NO_WELL,Not in USROP
EP_V2_149,Tight Hole,NO 15/9-19 B,,2967.0,100,2867.0,UNRESOLVED_NO_WELL,Not in USROP
EP_V2_185,Equipment Failure,NO 15/9-19 BT2,,3861.0,25,3836.0,UNRESOLVED_NO_WELL,Not in USROP
EP_V2_185,Equipment Failure,NO 15/9-19 BT2,,3861.0,50,3811.0,UNRESOLVED_NO_WELL,Not in USROP
EP_V2_185,Equipment Failure,NO 15/9-19 BT2,,3861.0,100,3761.0,UNRESOLVED_NO_WELL,Not in USROP
EP_V2_216,Stuck Pipe,NO 15/9-19 BT2,,3824.0,25,3799.0,UNRESOLVED_NO_WELL,Not in USROP
EP_V2_216,Stuck Pipe,NO 15/9-19 BT2,,3824.0,50,3774.0,UNRESOLVED_NO_WELL,Not in USROP
EP_V2_216,Stuck Pipe,NO 15/9-19 BT2,,3824.0,100,3724.0,UNRESOLVED_NO_WELL,Not in USROP
EP_V2_218,Stuck Pipe,NO 15/9-19 BT2,,4037.0,25,4012.0,UNRESOLVED_NO_WELL,Not in USROP
EP_V2_218,Stuck Pipe,NO 15/9-19 BT2,,4037.0,50,3987.0,UNRESOLVED_NO_WELL,Not in USROP
EP_V2_218,Stuck Pipe,NO 15/9-19 BT2,,4037.0,100,3937.0,UNRESOLVED_NO_WELL,Not in USROP
EP_V2_222,Stuck Pipe,NO 15/9-19 BT2,,4130.0,25,4105.0,UNRESOLVED_NO_WELL,Not in USROP
EP_V2_222,Stuck Pipe,NO 15/9-19 BT2,,4130.0,50,4080.0,UNRESOLVED_NO_WELL,Not in USROP
EP_V2_222,Stuck Pipe,NO 15/9-19 BT2,,4130.0,100,4030.0,UNRESOLVED_NO_WELL,Not in USROP
EP_V2_223,Stuck Pipe,NO 15/9-19 BT2,,4248.0,25,4223.0,UNRESOLVED_NO_WELL,Not in USROP
EP_V2_223,Stuck Pipe,NO 15/9-19 BT2,,4248.0,50,4198.0,UNRESOLVED_NO_WELL,Not in USROP
EP_V2_223,Stuck Pipe,NO 15/9-19 BT2,,4248.0,100,4148.0,UNRESOLVED_NO_WELL,Not in USROP
EP_V2_227,Stuck Pipe,NO 15/9-19 BT2,,3558.0,25,3533.0,UNRESOLVED_NO_WELL,Not in USROP
EP_V2_227,Stuck Pipe,NO 15/9-19 BT2,,3558.0,50,3508.0,UNRESOLVED_NO_WELL,Not in USROP
EP_V2_227,Stuck Pipe,NO 15/9-19 BT2,,3558.0,100,3458.0,UNRESOLVED_NO_WELL,Not in USROP
EP_V2_228,Stuck Pipe,NO 15/9-19 BT2,,4025.0,25,4000.0,UNRESOLVED_NO_WELL,Not in USROP
EP_V2_228,Stuck Pipe,NO 15/9-19 BT2,,4025.0,50,3975.0,UNRESOLVED_NO_WELL,Not in USROP
EP_V2_228,Stuck Pipe,NO 15/9-19 BT2,,4025.0,100,3925.0,UNRESOLVED_NO_WELL,Not in USROP
EP_V2_231,Tight Hole,NO 15/9-19 BT2,,2895.0,25,2870.0,UNRESOLVED_NO_WELL,Not in USROP
EP_V2_231,Tight Hole,NO 15/9-19 BT2,,2895.0,50,2845.0,UNRESOLVED_NO_WELL,Not in USROP
EP_V2_231,Tight Hole,NO 15/9-19 BT2,,2895.0,100,2795.0,UNRESOLVED_NO_WELL,Not in USROP
EP_V2_232,Tight Hole,NO 15/9-19 BT2,,3405.0,25,3380.0,UNRESOLVED_NO_WELL,Not in USROP
EP_V2_232,Tight Hole,NO 15/9-19 BT2,,3405.0,50,3355.0,UNRESOLVED_NO_WELL,Not in USROP
EP_V2_232,Tight Hole,NO 15/9-19 BT2,,3405.0,100,3305.0,UNRESOLVED_NO_WELL,Not in USROP
EP_V2_233,Tight Hole,NO 15/9-19 BT2,,3656.0,25,3631.0,UNRESOLVED_NO_WELL,Not in USROP
EP_V2_233,Tight Hole,NO 15/9-19 BT2,,3656.0,50,3606.0,UNRESOLVED_NO_WELL,Not in USROP
EP_V2_233,Tight Hole,NO 15/9-19 BT2,,3656.0,100,3556.0,UNRESOLVED_NO_WELL,Not in USROP
EP_V2_234,Tight Hole,NO 15/9-19 BT2,,3772.0,25,3747.0,UNRESOLVED_NO_WELL,Not in USROP
EP_V2_234,Tight Hole,NO 15/9-19 BT2,,3772.0,50,3722.0,UNRESOLVED_NO_WELL,Not in USROP
EP_V2_234,Tight Hole,NO 15/9-19 BT2,,3772.0,100,3672.0,UNRESOLVED_NO_WELL,Not in USROP
EP_V2_235,Tight Hole,NO 15/9-19 BT2,,4031.0,25,4006.0,UNRESOLVED_NO_WELL,Not in USROP
EP_V2_235,Tight Hole,NO 15/9-19 BT2,,4031.0,50,3981.0,UNRESOLVED_NO_WELL,Not in USROP
EP_V2_235,Tight Hole,NO 15/9-19 BT2,,4031.0,100,3931.0,UNRESOLVED_NO_WELL,Not in USROP
EP_V2_237,Tight Hole,NO 15/9-19 BT2,,3469.0,25,3444.0,UNRESOLVED_NO_WELL,Not in USROP
EP_V2_237,Tight Hole,NO 15/9-19 BT2,,3469.0,50,3419.0,UNRESOLVED_NO_WELL,Not in USROP
EP_V2_237,Tight Hole,NO 15/9-19 BT2,,3469.0,100,3369.0,UNRESOLVED_NO_WELL,Not in USROP
EP_V2_271,Pack-off,NO 15/9-19 S,,1483.0,25,1458.0,UNRESOLVED_NO_WELL,Not in USROP
EP_V2_271,Pack-off,NO 15/9-19 S,,1483.0,50,1433.0,UNRESOLVED_NO_WELL,Not in USROP
EP_V2_271,Pack-off,NO 15/9-19 S,,1483.0,100,1383.0,UNRESOLVED_NO_WELL,Not in USROP
EP_V2_272,Pack-off,NO 15/9-19 S,,2120.0,25,2095.0,UNRESOLVED_NO_WELL,Not in USROP
EP_V2_272,Pack-off,NO 15/9-19 S,,2120.0,50,2070.0,UNRESOLVED_NO_WELL,Not in USROP
EP_V2_272,Pack-off,NO 15/9-19 S,,2120.0,100,2020.0,UNRESOLVED_NO_WELL,Not in USROP
EP_V2_273,Pack-off,NO 15/9-19 S,,2866.0,25,2841.0,UNRESOLVED_NO_WELL,Not in USROP
EP_V2_273,Pack-off,NO 15/9-19 S,,2866.0,50,2816.0,UNRESOLVED_NO_WELL,Not in USROP
EP_V2_273,Pack-off,NO 15/9-19 S,,2866.0,100,2766.0,UNRESOLVED_NO_WELL,Not in USROP
EP_V2_274,Pack-off,NO 15/9-19 S,,2741.0,25,2716.0,UNRESOLVED_NO_WELL,Not in USROP
EP_V2_274,Pack-off,NO 15/9-19 S,,2741.0,50,2691.0,UNRESOLVED_NO_WELL,Not in USROP
EP_V2_274,Pack-off,NO 15/9-19 S,,2741.0,100,2641.0,UNRESOLVED_NO_WELL,Not in USROP
EP_V2_275,Pack-off,NO 15/9-19 S,,3353.0,25,3328.0,UNRESOLVED_NO_WELL,Not in USROP
EP_V2_275,Pack-off,NO 15/9-19 S,,3353.0,50,3303.0,UNRESOLVED_NO_WELL,Not in USROP
EP_V2_275,Pack-off,NO 15/9-19 S,,3353.0,100,3253.0,UNRESOLVED_NO_WELL,Not in USROP
EP_V2_276,Pack-off,NO 15/9-19 S,,2220.0,25,2195.0,UNRESOLVED_NO_WELL,Not in USROP
EP_V2_276,Pack-off,NO 15/9-19 S,,2220.0,50,2170.0,UNRESOLVED_NO_WELL,Not in USROP
EP_V2_276,Pack-off,NO 15/9-19 S,,2220.0,100,2120.0,UNRESOLVED_NO_WELL,Not in USROP
EP_V2_277,Pack-off,NO 15/9-19 S,,1470.0,25,1445.0,UNRESOLVED_NO_WELL,Not in USROP
EP_V2_277,Pack-off,NO 15/9-19 S,,1470.0,50,1420.0,UNRESOLVED_NO_WELL,Not in USROP
EP_V2_277,Pack-off,NO 15/9-19 S,,1470.0,100,1370.0,UNRESOLVED_NO_WELL,Not in USROP
EP_V2_278,Pack-off,NO 15/9-19 S,,,25,,REJECTED_NO_ONSET,onset_md is null or zero
EP_V2_278,Pack-off,NO 15/9-19 S,,,50,,REJECTED_NO_ONSET,onset_md is null or zero
EP_V2_278,Pack-off,NO 15/9-19 S,,,100,,REJECTED_NO_ONSET,onset_md is null or zero
EP_V2_289,Stuck Pipe,NO 15/9-19 S,,1493.0,25,1468.0,UNRESOLVED_NO_WELL,Not in USROP
EP_V2_289,Stuck Pipe,NO 15/9-19 S,,1493.0,50,1443.0,UNRESOLVED_NO_WELL,Not in USROP
EP_V2_289,Stuck Pipe,NO 15/9-19 S,,1493.0,100,1393.0,UNRESOLVED_NO_WELL,Not in USROP
EP_V2_292,Tight Hole,NO 15/9-19 S,,3017.0,25,2992.0,UNRESOLVED_NO_WELL,Not in USROP
EP_V2_292,Tight Hole,NO 15/9-19 S,,3017.0,50,2967.0,UNRESOLVED_NO_WELL,Not in USROP
EP_V2_292,Tight Hole,NO 15/9-19 S,,3017.0,100,2917.0,UNRESOLVED_NO_WELL,Not in USROP
EP_V2_342,Equipment Failure,NO 15/9-19 ST2,,3141.0,25,3116.0,UNRESOLVED_NO_WELL,Not in USROP
EP_V2_342,Equipment Failure,NO 15/9-19 ST2,,3141.0,50,3091.0,UNRESOLVED_NO_WELL,Not in USROP
EP_V2_342,Equipment Failure,NO 15/9-19 ST2,,3141.0,100,3041.0,UNRESOLVED_NO_WELL,Not in USROP
EP_V2_362,Equipment Failure,NO 15/9-19 ST2,,0.0,25,,REJECTED_NO_ONSET,onset_md is null or zero
EP_V2_362,Equipment Failure,NO 15/9-19 ST2,,0.0,50,,REJECTED_NO_ONSET,onset_md is null or zero
EP_V2_362,Equipment Failure,NO 15/9-19 ST2,,0.0,100,,REJECTED_NO_ONSET,onset_md is null or zero
EP_V2_369,Equipment Failure,NO 15/9-19 ST2,,750.0,25,725.0,UNRESOLVED_NO_WELL,Not in USROP
EP_V2_369,Equipment Failure,NO 15/9-19 ST2,,750.0,50,700.0,UNRESOLVED_NO_WELL,Not in USROP
EP_V2_369,Equipment Failure,NO 15/9-19 ST2,,750.0,100,650.0,UNRESOLVED_NO_WELL,Not in USROP
EP_V2_373,FORMATION_MUD_LOSS,NO 15/9-19 ST2,,3018.0,25,2993.0,UNRESOLVED_NO_WELL,Not in USROP
EP_V2_373,FORMATION_MUD_LOSS,NO 15/9-19 ST2,,3018.0,50,2968.0,UNRESOLVED_NO_WELL,Not in USROP
EP_V2_373,FORMATION_MUD_LOSS,NO 15/9-19 ST2,,3018.0,100,2918.0,UNRESOLVED_NO_WELL,Not in USROP
EP_V2_396,Kick,NO 15/9-19 ST2,,,25,,REJECTED_NO_ONSET,onset_md is null or zero
EP_V2_396,Kick,NO 15/9-19 ST2,,,50,,REJECTED_NO_ONSET,onset_md is null or zero
EP_V2_396,Kick,NO 15/9-19 ST2,,,100,,REJECTED_NO_ONSET,onset_md is null or zero
EP_V2_400,Pack-off,NO 15/9-19 ST2,,3018.0,25,2993.0,UNRESOLVED_NO_WELL,Not in USROP
EP_V2_400,Pack-off,NO 15/9-19 ST2,,3018.0,50,2968.0,UNRESOLVED_NO_WELL,Not in USROP
EP_V2_400,Pack-off,NO 15/9-19 ST2,,3018.0,100,2918.0,UNRESOLVED_NO_WELL,Not in USROP
EP_V2_412,Tight Hole,NO 15/9-19 ST2,,2941.0,25,2916.0,UNRESOLVED_NO_WELL,Not in USROP
EP_V2_412,Tight Hole,NO 15/9-19 ST2,,2941.0,50,2891.0,UNRESOLVED_NO_WELL,Not in USROP
EP_V2_412,Tight Hole,NO 15/9-19 ST2,,2941.0,100,2841.0,UNRESOLVED_NO_WELL,Not in USROP
EP_V2_414,Tight Hole,NO 15/9-19 ST2,,3018.0,25,2993.0,UNRESOLVED_NO_WELL,Not in USROP
EP_V2_414,Tight Hole,NO 15/9-19 ST2,,3018.0,50,2968.0,UNRESOLVED_NO_WELL,Not in USROP
EP_V2_414,Tight Hole,NO 15/9-19 ST2,,3018.0,100,2918.0,UNRESOLVED_NO_WELL,Not in USROP
EP_V2_416,Tight Hole,NO 15/9-19 ST2,,3050.0,25,3025.0,UNRESOLVED_NO_WELL,Not in USROP
EP_V2_416,Tight Hole,NO 15/9-19 ST2,,3050.0,50,3000.0,UNRESOLVED_NO_WELL,Not in USROP
EP_V2_416,Tight Hole,NO 15/9-19 ST2,,3050.0,100,2950.0,UNRESOLVED_NO_WELL,Not in USROP
EP_V2_418,Tight Hole,NO 15/9-19 ST2,,2100.0,25,2075.0,UNRESOLVED_NO_WELL,Not in USROP
EP_V2_418,Tight Hole,NO 15/9-19 ST2,,2100.0,50,2050.0,UNRESOLVED_NO_WELL,Not in USROP
EP_V2_418,Tight Hole,NO 15/9-19 ST2,,2100.0,100,2000.0,UNRESOLVED_NO_WELL,Not in USROP
EP_V2_419,Tight Hole,NO 15/9-19 ST2,,3580.0,25,3555.0,UNRESOLVED_NO_WELL,Not in USROP
EP_V2_419,Tight Hole,NO 15/9-19 ST2,,3580.0,50,3530.0,UNRESOLVED_NO_WELL,Not in USROP
EP_V2_419,Tight Hole,NO 15/9-19 ST2,,3580.0,100,3480.0,UNRESOLVED_NO_WELL,Not in USROP
EP_V2_420,Tight Hole,NO 15/9-19 ST2,,3546.0,25,3521.0,UNRESOLVED_NO_WELL,Not in USROP
EP_V2_420,Tight Hole,NO 15/9-19 ST2,,3546.0,50,3496.0,UNRESOLVED_NO_WELL,Not in USROP
EP_V2_420,Tight Hole,NO 15/9-19 ST2,,3546.0,100,3446.0,UNRESOLVED_NO_WELL,Not in USROP
EP_V2_421,Tight Hole,NO 15/9-19 ST2,,3555.0,25,3530.0,UNRESOLVED_NO_WELL,Not in USROP
EP_V2_421,Tight Hole,NO 15/9-19 ST2,,3555.0,50,3505.0,UNRESOLVED_NO_WELL,Not in USROP
EP_V2_421,Tight Hole,NO 15/9-19 ST2,,3555.0,100,3455.0,UNRESOLVED_NO_WELL,Not in USROP
EP_V2_422,Tight Hole,NO 15/9-19 ST2,,4641.0,25,4616.0,UNRESOLVED_NO_WELL,Not in USROP
EP_V2_422,Tight Hole,NO 15/9-19 ST2,,4641.0,50,4591.0,UNRESOLVED_NO_WELL,Not in USROP
EP_V2_422,Tight Hole,NO 15/9-19 ST2,,4641.0,100,4541.0,UNRESOLVED_NO_WELL,Not in USROP
EP_V2_424,Tight Hole,NO 15/9-19 ST2,,4408.0,25,4383.0,UNRESOLVED_NO_WELL,Not in USROP
EP_V2_424,Tight Hole,NO 15/9-19 ST2,,4408.0,50,4358.0,UNRESOLVED_NO_WELL,Not in USROP
EP_V2_424,Tight Hole,NO 15/9-19 ST2,,4408.0,100,4308.0,UNRESOLVED_NO_WELL,Not in USROP
EP_V2_463,Pack-off,NO 15/9-F-1,,2596.0,25,2571.0,UNRESOLVED_NO_WELL,Not in USROP
EP_V2_463,Pack-off,NO 15/9-F-1,,2596.0,50,2546.0,UNRESOLVED_NO_WELL,Not in USROP
EP_V2_463,Pack-off,NO 15/9-F-1,,2596.0,100,2496.0,UNRESOLVED_NO_WELL,Not in USROP
EP_V2_464,Pack-off,NO 15/9-F-1,,3632.0,25,3607.0,UNRESOLVED_NO_WELL,Not in USROP
EP_V2_464,Pack-off,NO 15/9-F-1,,3632.0,50,3582.0,UNRESOLVED_NO_WELL,Not in USROP
EP_V2_464,Pack-off,NO 15/9-F-1,,3632.0,100,3532.0,UNRESOLVED_NO_WELL,Not in USROP
EP_V2_476,Tight Hole,NO 15/9-F-1,,2570.0,25,2545.0,UNRESOLVED_NO_WELL,Not in USROP
EP_V2_476,Tight Hole,NO 15/9-F-1,,2570.0,50,2520.0,UNRESOLVED_NO_WELL,Not in USROP
EP_V2_476,Tight Hole,NO 15/9-F-1,,2570.0,100,2470.0,UNRESOLVED_NO_WELL,Not in USROP
EP_V2_478,Tight Hole,NO 15/9-F-1,,3255.0,25,3230.0,UNRESOLVED_NO_WELL,Not in USROP
EP_V2_478,Tight Hole,NO 15/9-F-1,,3255.0,50,3205.0,UNRESOLVED_NO_WELL,Not in USROP
EP_V2_478,Tight Hole,NO 15/9-F-1,,3255.0,100,3155.0,UNRESOLVED_NO_WELL,Not in USROP
EP_V2_539,Equipment Failure,NO 15/9-F-1 B,,1314.0,25,1289.0,UNRESOLVED_NO_WELL,Not in USROP
EP_V2_539,Equipment Failure,NO 15/9-F-1 B,,1314.0,50,1264.0,UNRESOLVED_NO_WELL,Not in USROP
EP_V2_539,Equipment Failure,NO 15/9-F-1 B,,1314.0,100,1214.0,UNRESOLVED_NO_WELL,Not in USROP
EP_V2_555,Stuck Pipe,NO 15/9-F-1 B,,0.0,25,,REJECTED_NO_ONSET,onset_md is null or zero
EP_V2_555,Stuck Pipe,NO 15/9-F-1 B,,0.0,50,,REJECTED_NO_ONSET,onset_md is null or zero
EP_V2_555,Stuck Pipe,NO 15/9-F-1 B,,0.0,100,,REJECTED_NO_ONSET,onset_md is null or zero
EP_V2_605,Equipment Failure,NO 15/9-F-1 C,,1487.0,25,1462.0,UNRESOLVED_NO_WELL,Not in USROP
EP_V2_605,Equipment Failure,NO 15/9-F-1 C,,1487.0,50,1437.0,UNRESOLVED_NO_WELL,Not in USROP
EP_V2_605,Equipment Failure,NO 15/9-F-1 C,,1487.0,100,1387.0,UNRESOLVED_NO_WELL,Not in USROP
EP_V2_611,Equipment Failure,NO 15/9-F-1 C,,2931.0,25,2906.0,UNRESOLVED_NO_WELL,Not in USROP
EP_V2_611,Equipment Failure,NO 15/9-F-1 C,,2931.0,50,2881.0,UNRESOLVED_NO_WELL,Not in USROP
EP_V2_611,Equipment Failure,NO 15/9-F-1 C,,2931.0,100,2831.0,UNRESOLVED_NO_WELL,Not in USROP
EP_V2_637,Equipment Failure,NO 15/9-F-1 C,,715.0,25,690.0,UNRESOLVED_NO_WELL,Not in USROP
EP_V2_637,Equipment Failure,NO 15/9-F-1 C,,715.0,50,665.0,UNRESOLVED_NO_WELL,Not in USROP
EP_V2_637,Equipment Failure,NO 15/9-F-1 C,,715.0,100,615.0,UNRESOLVED_NO_WELL,Not in USROP
EP_V2_659,Pack-off,NO 15/9-F-1 C,,3059.0,25,3034.0,UNRESOLVED_NO_WELL,Not in USROP
EP_V2_659,Pack-off,NO 15/9-F-1 C,,3059.0,50,3009.0,UNRESOLVED_NO_WELL,Not in USROP
EP_V2_659,Pack-off,NO 15/9-F-1 C,,3059.0,100,2959.0,UNRESOLVED_NO_WELL,Not in USROP
EP_V2_681,Stuck Pipe,NO 15/9-F-1 C,,2362.0,25,2337.0,UNRESOLVED_NO_WELL,Not in USROP
EP_V2_681,Stuck Pipe,NO 15/9-F-1 C,,2362.0,50,2312.0,UNRESOLVED_NO_WELL,Not in USROP
EP_V2_681,Stuck Pipe,NO 15/9-F-1 C,,2362.0,100,2262.0,UNRESOLVED_NO_WELL,Not in USROP
EP_V2_689,Tight Hole,NO 15/9-F-1 C,,3600.0,25,3575.0,UNRESOLVED_NO_WELL,Not in USROP
EP_V2_689,Tight Hole,NO 15/9-F-1 C,,3600.0,50,3550.0,UNRESOLVED_NO_WELL,Not in USROP
EP_V2_689,Tight Hole,NO 15/9-F-1 C,,3600.0,100,3500.0,UNRESOLVED_NO_WELL,Not in USROP
EP_V2_695,CEMENTING/OPERATIONAL_LOSS,NO 15/9-F-10,,3439.0,25,3414.0,UNRESOLVED_NO_WELL,Not in USROP
EP_V2_695,CEMENTING/OPERATIONAL_LOSS,NO 15/9-F-10,,3439.0,50,3389.0,UNRESOLVED_NO_WELL,Not in USROP
EP_V2_695,CEMENTING/OPERATIONAL_LOSS,NO 15/9-F-10,,3439.0,100,3339.0,UNRESOLVED_NO_WELL,Not in USROP
EP_V2_739,Equipment Failure,NO 15/9-F-10,,3240.0,25,3215.0,UNRESOLVED_NO_WELL,Not in USROP
EP_V2_739,Equipment Failure,NO 15/9-F-10,,3240.0,50,3190.0,UNRESOLVED_NO_WELL,Not in USROP
EP_V2_739,Equipment Failure,NO 15/9-F-10,,3240.0,100,3140.0,UNRESOLVED_NO_WELL,Not in USROP
EP_V2_750,FORMATION_MUD_LOSS,NO 15/9-F-10,,3319.0,25,3294.0,UNRESOLVED_NO_WELL,Not in USROP
EP_V2_750,FORMATION_MUD_LOSS,NO 15/9-F-10,,3319.0,50,3269.0,UNRESOLVED_NO_WELL,Not in USROP
EP_V2_750,FORMATION_MUD_LOSS,NO 15/9-F-10,,3319.0,100,3219.0,UNRESOLVED_NO_WELL,Not in USROP
EP_V2_754,FORMATION_MUD_LOSS,NO 15/9-F-10,,1867.0,25,1842.0,UNRESOLVED_NO_WELL,Not in USROP
EP_V2_754,FORMATION_MUD_LOSS,NO 15/9-F-10,,1867.0,50,1817.0,UNRESOLVED_NO_WELL,Not in USROP
EP_V2_754,FORMATION_MUD_LOSS,NO 15/9-F-10,,1867.0,100,1767.0,UNRESOLVED_NO_WELL,Not in USROP
EP_V2_756,FORMATION_MUD_LOSS,NO 15/9-F-10,,3440.0,25,3415.0,UNRESOLVED_NO_WELL,Not in USROP
EP_V2_756,FORMATION_MUD_LOSS,NO 15/9-F-10,,3440.0,50,3390.0,UNRESOLVED_NO_WELL,Not in USROP
EP_V2_756,FORMATION_MUD_LOSS,NO 15/9-F-10,,3440.0,100,3340.0,UNRESOLVED_NO_WELL,Not in USROP
EP_V2_766,Pack-off,NO 15/9-F-10,,2013.0,25,1988.0,UNRESOLVED_NO_WELL,Not in USROP
EP_V2_766,Pack-off,NO 15/9-F-10,,2013.0,50,1963.0,UNRESOLVED_NO_WELL,Not in USROP
EP_V2_766,Pack-off,NO 15/9-F-10,,2013.0,100,1913.0,UNRESOLVED_NO_WELL,Not in USROP
EP_V2_767,Pack-off,NO 15/9-F-10,,2850.0,25,2825.0,UNRESOLVED_NO_WELL,Not in USROP
EP_V2_767,Pack-off,NO 15/9-F-10,,2850.0,50,2800.0,UNRESOLVED_NO_WELL,Not in USROP
EP_V2_767,Pack-off,NO 15/9-F-10,,2850.0,100,2750.0,UNRESOLVED_NO_WELL,Not in USROP
EP_V2_784,Tight Hole,NO 15/9-F-10,,2840.0,25,2815.0,UNRESOLVED_NO_WELL,Not in USROP
EP_V2_784,Tight Hole,NO 15/9-F-10,,2840.0,50,2790.0,UNRESOLVED_NO_WELL,Not in USROP
EP_V2_784,Tight Hole,NO 15/9-F-10,,2840.0,100,2740.0,UNRESOLVED_NO_WELL,Not in USROP
EP_V2_789,Equipment Failure,NO 15/9-F-11,,0.0,25,,REJECTED_NO_ONSET,onset_md is null or zero
EP_V2_789,Equipment Failure,NO 15/9-F-11,,0.0,50,,REJECTED_NO_ONSET,onset_md is null or zero
EP_V2_789,Equipment Failure,NO 15/9-F-11,,0.0,100,,REJECTED_NO_ONSET,onset_md is null or zero
EP_V2_791,Fishing,NO 15/9-F-11,,0.0,25,,REJECTED_NO_ONSET,onset_md is null or zero
EP_V2_791,Fishing,NO 15/9-F-11,,0.0,50,,REJECTED_NO_ONSET,onset_md is null or zero
EP_V2_791,Fishing,NO 15/9-F-11,,0.0,100,,REJECTED_NO_ONSET,onset_md is null or zero
EP_V2_812,CEMENTING/OPERATIONAL_LOSS,NO 15/9-F-11 B,,3192.0,25,3167.0,UNRESOLVED_NO_WELL,Not in USROP
EP_V2_812,CEMENTING/OPERATIONAL_LOSS,NO 15/9-F-11 B,,3192.0,50,3142.0,UNRESOLVED_NO_WELL,Not in USROP
EP_V2_812,CEMENTING/OPERATIONAL_LOSS,NO 15/9-F-11 B,,3192.0,100,3092.0,UNRESOLVED_NO_WELL,Not in USROP
EP_V2_917,Equipment Failure,NO 15/9-F-11 T2,,454.0,25,429.0,UNRESOLVED_NO_WELL,Not in USROP
EP_V2_917,Equipment Failure,NO 15/9-F-11 T2,,454.0,50,404.0,UNRESOLVED_NO_WELL,Not in USROP
EP_V2_917,Equipment Failure,NO 15/9-F-11 T2,,454.0,100,354.0,UNRESOLVED_NO_WELL,Not in USROP
EP_V2_944,Tight Hole,NO 15/9-F-11 T2,,460.0,25,435.0,UNRESOLVED_NO_WELL,Not in USROP
EP_V2_944,Tight Hole,NO 15/9-F-11 T2,,460.0,50,410.0,UNRESOLVED_NO_WELL,Not in USROP
EP_V2_944,Tight Hole,NO 15/9-F-11 T2,,460.0,100,360.0,UNRESOLVED_NO_WELL,Not in USROP
EP_V2_956,Cementing Problem,NO 15/9-F-12,,251.0,25,226.0,UNRESOLVED_NO_WELL,Not in USROP
EP_V2_956,Cementing Problem,NO 15/9-F-12,,251.0,50,201.0,UNRESOLVED_NO_WELL,Not in USROP
EP_V2_956,Cementing Problem,NO 15/9-F-12,,251.0,100,151.0,UNRESOLVED_NO_WELL,Not in USROP
EP_V2_1002,Equipment Failure,NO 15/9-F-12,,112.0,25,87.0,UNRESOLVED_NO_WELL,Not in USROP
EP_V2_1002,Equipment Failure,NO 15/9-F-12,,112.0,50,62.0,UNRESOLVED_NO_WELL,Not in USROP
EP_V2_1002,Equipment Failure,NO 15/9-F-12,,112.0,100,12.0,UNRESOLVED_NO_WELL,Not in USROP
EP_V2_1010,Equipment Failure,NO 15/9-F-12,,1355.0,25,1330.0,UNRESOLVED_NO_WELL,Not in USROP
EP_V2_1010,Equipment Failure,NO 15/9-F-12,,1355.0,50,1305.0,UNRESOLVED_NO_WELL,Not in USROP
EP_V2_1010,Equipment Failure,NO 15/9-F-12,,1355.0,100,1255.0,UNRESOLVED_NO_WELL,Not in USROP
EP_V2_1011,Equipment Failure,NO 15/9-F-12,,1859.0,25,1834.0,UNRESOLVED_NO_WELL,Not in USROP
EP_V2_1011,Equipment Failure,NO 15/9-F-12,,1859.0,50,1809.0,UNRESOLVED_NO_WELL,Not in USROP
EP_V2_1011,Equipment Failure,NO 15/9-F-12,,1859.0,100,1759.0,UNRESOLVED_NO_WELL,Not in USROP
EP_V2_1023,Equipment Failure,NO 15/9-F-12,,625.0,25,600.0,UNRESOLVED_NO_WELL,Not in USROP
EP_V2_1023,Equipment Failure,NO 15/9-F-12,,625.0,50,575.0,UNRESOLVED_NO_WELL,Not in USROP
EP_V2_1023,Equipment Failure,NO 15/9-F-12,,625.0,100,525.0,UNRESOLVED_NO_WELL,Not in USROP
EP_V2_1055,FORMATION_MUD_LOSS,NO 15/9-F-12,,685.0,25,660.0,UNRESOLVED_NO_WELL,Not in USROP
EP_V2_1055,FORMATION_MUD_LOSS,NO 15/9-F-12,,685.0,50,635.0,UNRESOLVED_NO_WELL,Not in USROP
EP_V2_1055,FORMATION_MUD_LOSS,NO 15/9-F-12,,685.0,100,585.0,UNRESOLVED_NO_WELL,Not in USROP
EP_V2_1059,FORMATION_MUD_LOSS,NO 15/9-F-12,,2616.0,25,2591.0,UNRESOLVED_NO_WELL,Not in USROP
EP_V2_1059,FORMATION_MUD_LOSS,NO 15/9-F-12,,2616.0,50,2566.0,UNRESOLVED_NO_WELL,Not in USROP
EP_V2_1059,FORMATION_MUD_LOSS,NO 15/9-F-12,,2616.0,100,2516.0,UNRESOLVED_NO_WELL,Not in USROP
EP_V2_1069,FORMATION_MUD_LOSS,NO 15/9-F-12,,0.0,25,,REJECTED_NO_ONSET,onset_md is null or zero
EP_V2_1069,FORMATION_MUD_LOSS,NO 15/9-F-12,,0.0,50,,REJECTED_NO_ONSET,onset_md is null or zero
EP_V2_1069,FORMATION_MUD_LOSS,NO 15/9-F-12,,0.0,100,,REJECTED_NO_ONSET,onset_md is null or zero
EP_V2_1099,Stuck Pipe,NO 15/9-F-12,,180.0,25,155.0,UNRESOLVED_NO_WELL,Not in USROP
EP_V2_1099,Stuck Pipe,NO 15/9-F-12,,180.0,50,130.0,UNRESOLVED_NO_WELL,Not in USROP
EP_V2_1099,Stuck Pipe,NO 15/9-F-12,,180.0,100,80.0,UNRESOLVED_NO_WELL,Not in USROP
EP_V2_1130,Tight Hole,NO 15/9-F-12,,460.0,25,435.0,UNRESOLVED_NO_WELL,Not in USROP
EP_V2_1130,Tight Hole,NO 15/9-F-12,,460.0,50,410.0,UNRESOLVED_NO_WELL,Not in USROP
EP_V2_1130,Tight Hole,NO 15/9-F-12,,460.0,100,360.0,UNRESOLVED_NO_WELL,Not in USROP
EP_V2_1131,Tight Hole,NO 15/9-F-12,,1045.0,25,1020.0,UNRESOLVED_NO_WELL,Not in USROP
EP_V2_1131,Tight Hole,NO 15/9-F-12,,1045.0,50,995.0,UNRESOLVED_NO_WELL,Not in USROP
EP_V2_1131,Tight Hole,NO 15/9-F-12,,1045.0,100,945.0,UNRESOLVED_NO_WELL,Not in USROP
EP_V2_1132,Tight Hole,NO 15/9-F-12,,1467.0,25,1442.0,UNRESOLVED_NO_WELL,Not in USROP
EP_V2_1132,Tight Hole,NO 15/9-F-12,,1467.0,50,1417.0,UNRESOLVED_NO_WELL,Not in USROP
EP_V2_1132,Tight Hole,NO 15/9-F-12,,1467.0,100,1367.0,UNRESOLVED_NO_WELL,Not in USROP
EP_V2_1134,Tight Hole,NO 15/9-F-12,,1337.0,25,1312.0,UNRESOLVED_NO_WELL,Not in USROP
EP_V2_1134,Tight Hole,NO 15/9-F-12,,1337.0,50,1287.0,UNRESOLVED_NO_WELL,Not in USROP
EP_V2_1134,Tight Hole,NO 15/9-F-12,,1337.0,100,1237.0,UNRESOLVED_NO_WELL,Not in USROP
EP_V2_1135,Tight Hole,NO 15/9-F-12,,2513.5,25,2488.5,UNRESOLVED_NO_WELL,Not in USROP
EP_V2_1135,Tight Hole,NO 15/9-F-12,,2513.5,50,2463.5,UNRESOLVED_NO_WELL,Not in USROP
EP_V2_1135,Tight Hole,NO 15/9-F-12,,2513.5,100,2413.5,UNRESOLVED_NO_WELL,Not in USROP
EP_V2_1197,Equipment Failure,NO 15/9-F-14,15/9-F-14,2222.0,25,2197.0,VALID,"Cutoff 2197 in [988, 3466]"
EP_V2_1197,Equipment Failure,NO 15/9-F-14,15/9-F-14,2222.0,50,2172.0,VALID,"Cutoff 2172 in [988, 3466]"
EP_V2_1197,Equipment Failure,NO 15/9-F-14,15/9-F-14,2222.0,100,2122.0,VALID,"Cutoff 2122 in [988, 3466]"
EP_V2_1206,Equipment Failure,NO 15/9-F-14,,0.0,25,,REJECTED_NO_ONSET,onset_md is null or zero
EP_V2_1206,Equipment Failure,NO 15/9-F-14,,0.0,50,,REJECTED_NO_ONSET,onset_md is null or zero
EP_V2_1206,Equipment Failure,NO 15/9-F-14,,0.0,100,,REJECTED_NO_ONSET,onset_md is null or zero
EP_V2_1207,Equipment Failure,NO 15/9-F-14,15/9-F-14,3040.0,25,3015.0,VALID,"Cutoff 3015 in [988, 3466]"
EP_V2_1207,Equipment Failure,NO 15/9-F-14,15/9-F-14,3040.0,50,2990.0,VALID,"Cutoff 2990 in [988, 3466]"
EP_V2_1207,Equipment Failure,NO 15/9-F-14,15/9-F-14,3040.0,100,2940.0,VALID,"Cutoff 2940 in [988, 3466]"
EP_V2_1215,Equipment Failure,NO 15/9-F-14,,0.0,25,,REJECTED_NO_ONSET,onset_md is null or zero
EP_V2_1215,Equipment Failure,NO 15/9-F-14,,0.0,50,,REJECTED_NO_ONSET,onset_md is null or zero
EP_V2_1215,Equipment Failure,NO 15/9-F-14,,0.0,100,,REJECTED_NO_ONSET,onset_md is null or zero
EP_V2_1267,Pack-off,NO 15/9-F-14,15/9-F-14,3701.0,25,3676.0,REJECTED_AFTER_LOG_END,Cutoff 3676 > USROP end 3466
EP_V2_1267,Pack-off,NO 15/9-F-14,15/9-F-14,3701.0,50,3651.0,REJECTED_AFTER_LOG_END,Cutoff 3651 > USROP end 3466
EP_V2_1267,Pack-off,NO 15/9-F-14,15/9-F-14,3701.0,100,3601.0,REJECTED_AFTER_LOG_END,Cutoff 3601 > USROP end 3466
EP_V2_1306,CEMENTING/OPERATIONAL_LOSS,NO 15/9-F-15,15/9-F-15,4086.0,25,4061.0,VALID,"Cutoff 4061 in [1306, 4065]"
EP_V2_1306,CEMENTING/OPERATIONAL_LOSS,NO 15/9-F-15,15/9-F-15,4086.0,50,4036.0,VALID,"Cutoff 4036 in [1306, 4065]"
EP_V2_1306,CEMENTING/OPERATIONAL_LOSS,NO 15/9-F-15,15/9-F-15,4086.0,100,3986.0,VALID,"Cutoff 3986 in [1306, 4065]"
EP_V2_1340,Equipment Failure,NO 15/9-F-15,15/9-F-15,241.0,25,216.0,REJECTED_BEFORE_LOG_START,Cutoff 216 < USROP start 1306
EP_V2_1340,Equipment Failure,NO 15/9-F-15,15/9-F-15,241.0,50,191.0,REJECTED_BEFORE_LOG_START,Cutoff 191 < USROP start 1306
EP_V2_1340,Equipment Failure,NO 15/9-F-15,15/9-F-15,241.0,100,141.0,REJECTED_BEFORE_LOG_START,Cutoff 141 < USROP start 1306
EP_V2_1345,FORMATION_MUD_LOSS,NO 15/9-F-15,,0.0,25,,REJECTED_NO_ONSET,onset_md is null or zero
EP_V2_1345,FORMATION_MUD_LOSS,NO 15/9-F-15,,0.0,50,,REJECTED_NO_ONSET,onset_md is null or zero
EP_V2_1345,FORMATION_MUD_LOSS,NO 15/9-F-15,,0.0,100,,REJECTED_NO_ONSET,onset_md is null or zero
EP_V2_1349,FORMATION_MUD_LOSS,NO 15/9-F-15,15/9-F-15,2883.0,25,2858.0,VALID,"Cutoff 2858 in [1306, 4065]"
EP_V2_1349,FORMATION_MUD_LOSS,NO 15/9-F-15,15/9-F-15,2883.0,50,2833.0,VALID,"Cutoff 2833 in [1306, 4065]"
EP_V2_1349,FORMATION_MUD_LOSS,NO 15/9-F-15,15/9-F-15,2883.0,100,2783.0,VALID,"Cutoff 2783 in [1306, 4065]"
EP_V2_1353,FORMATION_MUD_LOSS,NO 15/9-F-15,15/9-F-15,3660.0,25,3635.0,VALID,"Cutoff 3635 in [1306, 4065]"
EP_V2_1353,FORMATION_MUD_LOSS,NO 15/9-F-15,15/9-F-15,3660.0,50,3610.0,VALID,"Cutoff 3610 in [1306, 4065]"
EP_V2_1353,FORMATION_MUD_LOSS,NO 15/9-F-15,15/9-F-15,3660.0,100,3560.0,VALID,"Cutoff 3560 in [1306, 4065]"
EP_V2_1355,FORMATION_MUD_LOSS,NO 15/9-F-15,15/9-F-15,2649.0,25,2624.0,VALID,"Cutoff 2624 in [1306, 4065]"
EP_V2_1355,FORMATION_MUD_LOSS,NO 15/9-F-15,15/9-F-15,2649.0,50,2599.0,VALID,"Cutoff 2599 in [1306, 4065]"
EP_V2_1355,FORMATION_MUD_LOSS,NO 15/9-F-15,15/9-F-15,2649.0,100,2549.0,VALID,"Cutoff 2549 in [1306, 4065]"
EP_V2_1387,Pack-off,NO 15/9-F-15,15/9-F-15,1381.0,25,1356.0,VALID,"Cutoff 1356 in [1306, 4065]"
EP_V2_1387,Pack-off,NO 15/9-F-15,15/9-F-15,1381.0,50,1331.0,VALID,"Cutoff 1331 in [1306, 4065]"
EP_V2_1387,Pack-off,NO 15/9-F-15,15/9-F-15,1381.0,100,1281.0,REJECTED_BEFORE_LOG_START,Cutoff 1281 < USROP start 1306
EP_V2_1389,Pack-off,NO 15/9-F-15,15/9-F-15,1381.0,25,1356.0,VALID,"Cutoff 1356 in [1306, 4065]"
EP_V2_1389,Pack-off,NO 15/9-F-15,15/9-F-15,1381.0,50,1331.0,VALID,"Cutoff 1331 in [1306, 4065]"
EP_V2_1389,Pack-off,NO 15/9-F-15,15/9-F-15,1381.0,100,1281.0,REJECTED_BEFORE_LOG_START,Cutoff 1281 < USROP start 1306
EP_V2_1449,Tight Hole,NO 15/9-F-15 A,15/9-F-15S,1467.0,25,1442.0,VALID,"Cutoff 1442 in [1400, 4090]"
EP_V2_1449,Tight Hole,NO 15/9-F-15 A,15/9-F-15S,1467.0,50,1417.0,VALID,"Cutoff 1417 in [1400, 4090]"
EP_V2_1449,Tight Hole,NO 15/9-F-15 A,15/9-F-15S,1467.0,100,1367.0,REJECTED_BEFORE_LOG_START,Cutoff 1367 < USROP start 1400
EP_V2_1450,Tight Hole,NO 15/9-F-15 A,15/9-F-15S,2572.0,25,2547.0,VALID,"Cutoff 2547 in [1400, 4090]"
EP_V2_1450,Tight Hole,NO 15/9-F-15 A,15/9-F-15S,2572.0,50,2522.0,VALID,"Cutoff 2522 in [1400, 4090]"
EP_V2_1450,Tight Hole,NO 15/9-F-15 A,15/9-F-15S,2572.0,100,2472.0,VALID,"Cutoff 2472 in [1400, 4090]"
EP_V2_1454,Tight Hole,NO 15/9-F-15 A,15/9-F-15S,2777.0,25,2752.0,VALID,"Cutoff 2752 in [1400, 4090]"
EP_V2_1454,Tight Hole,NO 15/9-F-15 A,15/9-F-15S,2777.0,50,2727.0,VALID,"Cutoff 2727 in [1400, 4090]"
EP_V2_1454,Tight Hole,NO 15/9-F-15 A,15/9-F-15S,2777.0,100,2677.0,VALID,"Cutoff 2677 in [1400, 4090]"
EP_V2_1503,Equipment Failure,NO 15/9-F-15 C,,0.0,25,,REJECTED_NO_ONSET,onset_md is null or zero
EP_V2_1503,Equipment Failure,NO 15/9-F-15 C,,0.0,50,,REJECTED_NO_ONSET,onset_md is null or zero
EP_V2_1503,Equipment Failure,NO 15/9-F-15 C,,0.0,100,,REJECTED_NO_ONSET,onset_md is null or zero
EP_V2_1599,Equipment Failure,NO 15/9-F-15 D,,0.0,25,,REJECTED_NO_ONSET,onset_md is null or zero
EP_V2_1599,Equipment Failure,NO 15/9-F-15 D,,0.0,50,,REJECTED_NO_ONSET,onset_md is null or zero
EP_V2_1599,Equipment Failure,NO 15/9-F-15 D,,0.0,100,,REJECTED_NO_ONSET,onset_md is null or zero
EP_V2_1655,Tight Hole,NO 15/9-F-15 D,,2260.0,25,2235.0,UNRESOLVED_NO_WELL,Not in USROP
EP_V2_1655,Tight Hole,NO 15/9-F-15 D,,2260.0,50,2210.0,UNRESOLVED_NO_WELL,Not in USROP
EP_V2_1655,Tight Hole,NO 15/9-F-15 D,,2260.0,100,2160.0,UNRESOLVED_NO_WELL,Not in USROP
EP_V2_1660,Cementing Problem,NO 15/9-F-4,,0.0,25,,REJECTED_NO_ONSET,onset_md is null or zero
EP_V2_1660,Cementing Problem,NO 15/9-F-4,,0.0,50,,REJECTED_NO_ONSET,onset_md is null or zero
EP_V2_1660,Cementing Problem,NO 15/9-F-4,,0.0,100,,REJECTED_NO_ONSET,onset_md is null or zero
EP_V2_1696,Equipment Failure,NO 15/9-F-4,,0.0,25,,REJECTED_NO_ONSET,onset_md is null or zero
EP_V2_1696,Equipment Failure,NO 15/9-F-4,,0.0,50,,REJECTED_NO_ONSET,onset_md is null or zero
EP_V2_1696,Equipment Failure,NO 15/9-F-4,,0.0,100,,REJECTED_NO_ONSET,onset_md is null or zero
EP_V2_1698,Equipment Failure,NO 15/9-F-4,,3510.0,25,3485.0,UNRESOLVED_NO_WELL,Not in USROP
EP_V2_1698,Equipment Failure,NO 15/9-F-4,,3510.0,50,3460.0,UNRESOLVED_NO_WELL,Not in USROP
EP_V2_1698,Equipment Failure,NO 15/9-F-4,,3510.0,100,3410.0,UNRESOLVED_NO_WELL,Not in USROP
EP_V2_1711,Equipment Failure,NO 15/9-F-4,,0.0,25,,REJECTED_NO_ONSET,onset_md is null or zero
EP_V2_1711,Equipment Failure,NO 15/9-F-4,,0.0,50,,REJECTED_NO_ONSET,onset_md is null or zero
EP_V2_1711,Equipment Failure,NO 15/9-F-4,,0.0,100,,REJECTED_NO_ONSET,onset_md is null or zero
EP_V2_1792,Tight Hole,NO 15/9-F-4,,3392.0,25,3367.0,UNRESOLVED_NO_WELL,Not in USROP
EP_V2_1792,Tight Hole,NO 15/9-F-4,,3392.0,50,3342.0,UNRESOLVED_NO_WELL,Not in USROP
EP_V2_1792,Tight Hole,NO 15/9-F-4,,3392.0,100,3292.0,UNRESOLVED_NO_WELL,Not in USROP
EP_V2_1793,Tight Hole,NO 15/9-F-4,,3420.0,25,3395.0,UNRESOLVED_NO_WELL,Not in USROP
EP_V2_1793,Tight Hole,NO 15/9-F-4,,3420.0,50,3370.0,UNRESOLVED_NO_WELL,Not in USROP
EP_V2_1793,Tight Hole,NO 15/9-F-4,,3420.0,100,3320.0,UNRESOLVED_NO_WELL,Not in USROP
EP_V2_1829,Equipment Failure,NO 15/9-F-5,15/9-F-5,3233.0,25,3208.0,VALID,"Cutoff 3208 in [2828, 3792]"
EP_V2_1829,Equipment Failure,NO 15/9-F-5,15/9-F-5,3233.0,50,3183.0,VALID,"Cutoff 3183 in [2828, 3792]"
EP_V2_1829,Equipment Failure,NO 15/9-F-5,15/9-F-5,3233.0,100,3133.0,VALID,"Cutoff 3133 in [2828, 3792]"
EP_V2_1832,Equipment Failure,NO 15/9-F-5,15/9-F-5,20.8,25,-4.199999999999999,REJECTED_BEFORE_LOG_START,Cutoff -4 < USROP start 2828
EP_V2_1832,Equipment Failure,NO 15/9-F-5,15/9-F-5,20.8,50,-29.2,REJECTED_BEFORE_LOG_START,Cutoff -29 < USROP start 2828
EP_V2_1832,Equipment Failure,NO 15/9-F-5,15/9-F-5,20.8,100,-79.2,REJECTED_BEFORE_LOG_START,Cutoff -79 < USROP start 2828
EP_V2_1846,Equipment Failure,NO 15/9-F-5,15/9-F-5,143.4,25,118.4,REJECTED_BEFORE_LOG_START,Cutoff 118 < USROP start 2828
EP_V2_1846,Equipment Failure,NO 15/9-F-5,15/9-F-5,143.4,50,93.4,REJECTED_BEFORE_LOG_START,Cutoff 93 < USROP start 2828
EP_V2_1846,Equipment Failure,NO 15/9-F-5,15/9-F-5,143.4,100,43.400000000000006,REJECTED_BEFORE_LOG_START,Cutoff 43 < USROP start 2828
EP_V2_1869,Pack-off,NO 15/9-F-5,15/9-F-5,2399.0,25,2374.0,REJECTED_BEFORE_LOG_START,Cutoff 2374 < USROP start 2828
EP_V2_1869,Pack-off,NO 15/9-F-5,15/9-F-5,2399.0,50,2349.0,REJECTED_BEFORE_LOG_START,Cutoff 2349 < USROP start 2828
EP_V2_1869,Pack-off,NO 15/9-F-5,15/9-F-5,2399.0,100,2299.0,REJECTED_BEFORE_LOG_START,Cutoff 2299 < USROP start 2828
EP_V2_1891,Tight Hole,NO 15/9-F-5,15/9-F-5,226.0,25,201.0,REJECTED_BEFORE_LOG_START,Cutoff 201 < USROP start 2828
EP_V2_1891,Tight Hole,NO 15/9-F-5,15/9-F-5,226.0,50,176.0,REJECTED_BEFORE_LOG_START,Cutoff 176 < USROP start 2828
EP_V2_1891,Tight Hole,NO 15/9-F-5,15/9-F-5,226.0,100,126.0,REJECTED_BEFORE_LOG_START,Cutoff 126 < USROP start 2828
EP_V2_1894,Tight Hole,NO 15/9-F-5,15/9-F-5,3293.0,25,3268.0,VALID,"Cutoff 3268 in [2828, 3792]"
EP_V2_1894,Tight Hole,NO 15/9-F-5,15/9-F-5,3293.0,50,3243.0,VALID,"Cutoff 3243 in [2828, 3792]"
EP_V2_1894,Tight Hole,NO 15/9-F-5,15/9-F-5,3293.0,100,3193.0,VALID,"Cutoff 3193 in [2828, 3792]"
EP_V2_1897,Cementing Problem,NO 15/9-F-7,15/9-F-7,202.0,25,177.0,REJECTED_BEFORE_LOG_START,Cutoff 177 < USROP start 301
EP_V2_1897,Cementing Problem,NO 15/9-F-7,15/9-F-7,202.0,50,152.0,REJECTED_BEFORE_LOG_START,Cutoff 152 < USROP start 301
EP_V2_1897,Cementing Problem,NO 15/9-F-7,15/9-F-7,202.0,100,102.0,REJECTED_BEFORE_LOG_START,Cutoff 102 < USROP start 301
EP_V2_1904,Equipment Failure,NO 15/9-F-7,,0.0,25,,REJECTED_NO_ONSET,onset_md is null or zero
EP_V2_1904,Equipment Failure,NO 15/9-F-7,,0.0,50,,REJECTED_NO_ONSET,onset_md is null or zero
EP_V2_1904,Equipment Failure,NO 15/9-F-7,,0.0,100,,REJECTED_NO_ONSET,onset_md is null or zero
EP_V2_1941,Equipment Failure,NO 15/9-F-9,,0.0,25,,REJECTED_NO_ONSET,onset_md is null or zero
EP_V2_1941,Equipment Failure,NO 15/9-F-9,,0.0,50,,REJECTED_NO_ONSET,onset_md is null or zero
EP_V2_1941,Equipment Failure,NO 15/9-F-9,,0.0,100,,REJECTED_NO_ONSET,onset_md is null or zero
EP_V2_1943,FORMATION_MUD_LOSS,NO 15/9-F-9,15/9-F-9 A,1083.0,25,1058.0,VALID,"Cutoff 1058 in [491, 1206]"
EP_V2_1943,FORMATION_MUD_LOSS,NO 15/9-F-9,15/9-F-9 A,1083.0,50,1033.0,VALID,"Cutoff 1033 in [491, 1206]"
EP_V2_1943,FORMATION_MUD_LOSS,NO 15/9-F-9,15/9-F-9 A,1083.0,100,983.0,VALID,"Cutoff 983 in [491, 1206]"
